,count,gender,name,probability,gender_label,no_pic,ethnic_label
0,204,male,Harjinder,0.96,m,,o
1,7383,female,Taylor,0.55,f,,w
2,2274744,male,John,1,m,,w
3,766466,male,Andrew,1,m,,o
4,571165,female,Stephanie,1,f,,w
5,86805,male,Aziz,0.99,m,,o
6,1058881,female,Andrea,0.82,f,,w
7,34631,female,Tami,0.99,f,,w
8,86152,female,Stefanie,0.99,f,,w
9,4772,male,Kj,0.95,f,,w
10,571663,male,Matthew,1,m,,w
11,18372,male,Morgan,0.79,m,,w
12,488945,male,Steven,1,m,,o
13,101812,male,Adrian,0.99,m,,o
14,55819,female,Brianna,1,f,,w
15,196410,female,Lori,1,f,,w
16,1217635,female,Laura,1,f,,o
17,68760,female,M,0.5,m,,w
18,384414,female,Catherine,1,f,,w
19,381904,female,Emily,1,f,,w
20,4315,male,Tatsuya,1,m,,o
21,39608,female,Cara,0.99,f,,w
22,1149231,female,Anna,0.99,f,,o
23,191661,female,Erica,1,f,,w
24,1774,male,Pelle,0.96,m,,w
25,278871,male,Jay,0.99,m,,o
26,1725175,male,Daniel,1,m,,w
27,277,female,Bradi,0.85,m,,w
28,1158,male,Shayne,0.73,m,,w
29,2653329,male,David,1,m,,w
30,653571,male,Jason,1,m,,na
31,653571,male,Jason,1,m,,na
32,1338,male,Ezra,0.82,m,,w
33,782340,male,Eric,1,m,,w
34,264756,female,Claire,1,f,,w
35,585981,female,Barbara,1,f,,w
36,328137,female,Kathy,1,f,,o
37,14512,female,Sasha,0.52,f,,w
38,57407,male,Sami,0.95,f,,w
39,448793,female,Julia,0.99,f,,w
40,444100,male,Dave,1,m,,w
41,61,female,Kendyl,0.9,f,,w
42,385873,male,Alan,1,m,,w
43,8243,female,Jolie,0.98,f,,w
44,45291,male,Jordan,0.93,f,,w
45,5057,female,Grisel,1,f,,w
46,249704,female,Megan,1,f,,w
47,1149231,female,Anna,0.99,f,,w
48,2,female,Chlóe,1,f,,w
49,224052,male,Stefano,1,m,,w
50,444194,female,Paula,1,f,,w
51,1217635,female,Laura,1,f,,o
52,13793,male,D,0.76,m,,o
53,9187,female,Shayla,1,f,,w
54,61544,male,Fran,0.9,f,,w
55,79554,male,Nico,0.97,m,,o
56,530240,female,Melissa,1,f,,o
57,193534,female,Sofia,0.99,f,,w
58,14152,female,Shannon,0.9,f,,w
59,8017,female,Alaina,1,f,,w
60,23324,male,Bastien,0.99,m,,w
61,23324,male,Bastien,0.99,m,,o
62,2087284,male,Michael,1,m,,w
63,907046,female,Jessica,1,f,,w
64,1438,female,Meridith,1,f,,w
65,49,male,Juo,0.8,m,,o
66,2687884,female,Maria,1,f,,o
67,86011,female,Molly,1,f,,o
68,329877,male,Lucas,1,m,,w
70,1011867,female,Mary,1,f,,o
71,93665,male,Tobias,1,m,,w
72,249704,female,Megan,1,f,,na
73,388188,male,Simon,1,m,,w
74,1725175,male,Daniel,1,m,,w
75,102968,female,Leah,1,f,,w
76,399856,male,Matt,1,m,,w
77,104370,female,Sophia,1,f,,w
78,85352,female,Anja,0.99,f,,w
79,43310,male,Francis,0.94,m,,w
80,626349,female,Marie,0.99,f,,w
81,980774,female,Sandra,1,f,,w
82,1391,female,Jennilyn,1,f,,w
83,92915,male,Dirk,1,m,,w
84,286,female,Ombeline,0.97,f,,w
85,420,female,Nastasja,0.99,f,,w
86,20764,female,Antonia,0.98,f,,na
87,420,female,Nastasja,0.99,f,,w
88,5558,male,Jl,0.97,f,,w
89,941000,female,Jennifer,1,f,,o
90,8175,female,Kiana,1,f,,o
91,20705,male,Dexter,1,m,,w
92,20705,male,Dexter,1,m,,w
93,72,male,Gurdip,0.96,m,,o
94,227671,male,Nathan,1,m,,w
95,436588,male,Gary,1,m,,o
96,184421,female,Alessandra,1,f,,w
97,1094417,male,Peter,1,m,,na
98,1178307,male,Mark,1,m,,w
99,9856,female,Avril,0.99,f,,w
100,585620,male,Joe,0.99,m,,o
101,790431,female,Sara,0.99,f,,w
102,31,female,Korren,0.97,f,,w
103,26685,male,Ashwin,1,m,,o
104,186,female,Amandah,0.99,f,,w
105,102968,female,Leah,1,f,,w
106,439,male,Troels,1,m,,w
107,479100,female,Monica,1,f,,w
108,448793,female,Julia,0.99,f,,w
109,42587,female,Carly,0.99,f,,w
110,294833,female,Sophie,0.99,f,,w
111,1258,female,Gaëlle,1,f,,o
112,111967,male,Dylan,1,m,,w
113,151191,female,Crystal,1,f,,w
114,120445,female,Lara,0.99,f,,w
115,359877,female,Natalia,1,f,,w
116,231700,female,Katherine,1,f,,w
117,3765,male,Sho,0.89,m,,o
118,11442,male,Mack,0.99,m,,w
119,10021,male,Casey,0.73,m,,w
120,381904,female,Emily,1,f,,w
121,251616,female,Jacqueline,1,f,,w
122,38596,male,Micheal,1,m,,w
123,85063,female,Cassandra,1,f,,o
124,985681,female,Sarah,1,f,,w
125,381904,female,Emily,1,f,,w
126,71,female,Cayce,0.66,f,,o
127,177445,male,Tyler,1,m,,o
128,970635,male,Mike,1,m,,w
129,256938,male,Chris,0.92,m,,o
130,140395,male,Dean,1,m,,w
131,985681,female,Sarah,1,f,,w
132,421331,male,Alberto,1,m,,o
133,1152,female,Jaylene,1,f,,w
134,985681,female,Sarah,1,f,,w
135,90601,female,Chelsea,1,f,,o
136,107058,male,Austin,1,m,,w
137,335370,female,Samantha,1,f,,w
138,25929,male,Mattia,0.98,m,,w
139,3,female,Kiaire,1,f,,o
140,635168,male,Joseph,1,m,,w
141,216773,female,Margaret,1,f,,o
142,7185,female,Sabrine,0.99,f,,o
143,1542,female,Gabby,0.61,f,,o
144,766466,male,Andrew,1,m,,w
145,159576,male,Oliver,1,m,,o
146,182332,female,Shirley,1,f,,o
147,2653329,male,David,1,m,,na
148,18,female,Madasyn,1,f,,w
149,75,female,Tianni,1,f,,o
150,626,male,MarQ,0.96,m,,w
151,1217635,female,Laura,1,f,m or f,na
152,561948,male,Jim,1,m,,w
153,75847,female,Camilla,1,f,,w
154,1149231,female,Anna,0.99,f,,w
155,561948,male,Jim,1,m,,w
156,439,female,Merlyn,0.8,f,,w
157,336427,male,Benjamin,1,m,,w
158,181654,female,Dawn,1,f,,na
159,464351,female,Elena,1,f,,w
160,11852,male,Christoffer,1,m,,w
161,1262,female,Malaya,0.98,f,,o
162,17894,female,Kayleigh,1,f,,w
163,15037,female,Roxane,0.99,f,,w
164,11,female,Andréane,0.91,f,,o
165,195779,female,Petra,0.99,f,,w
166,941000,female,Jennifer,1,f,,o
167,47285,female,Juana,0.99,f,,w
168,985681,female,Sarah,1,f,,o
169,386313,female,Cindy,1,f,,o
170,870,female,Lucía,1,f,,w
171,362232,male,Pablo,1,m,,w
172,2,female,Taranatha,0.5,f,,w
173,336427,male,Benjamin,1,m,,w
174,1204083,male,James,1,m,,w
175,1296,male,Eliot,0.97,m,,w
176,32169,female,Katelyn,1,f,,w
177,375106,male,Nick,1,m,m or f,na
178,4901,male,Dre,0.97,m,,o
179,37439,female,Lulu,0.87,f,,w
180,56152,female,Madison,1,f,,w
181,183702,female,Audrey,0.99,f,,w
182,0,,Vilma-Lotta,0,f,,w
183,156205,male,Federico,1,m,,w
184,705768,male,Patrick,1,m,,w
185,618003,male,Pedro,1,m,,o
186,488945,male,Steven,1,m,,o
187,173108,female,Annie,1,f,,w
188,24707,male,Adrien,0.98,m,,w
189,340586,female,Jenny,1,f,,o
190,9496,male,Abdalla,1,m,,w
191,451077,female,Marta,0.99,f,,w
192,561948,male,Jim,1,m,,w
193,907046,female,Jessica,1,f,,w
194,144732,female,Nadine,0.99,f,,w
196,120253,male,Lars,1,m,,w
197,5135,male,Lenny,0.74,m,,w
199,6669,male,Sacha,0.66,f,,w
200,765351,female,Karen,1,f,,o
201,10621,female,Kerry,0.73,f,,w
202,27952,female,Aditi,1,f,,o
203,2,male,M.,1,f,,o
204,18881,male,Andrey,0.99,m,,o
205,151566,female,Paulina,0.99,f,,o
206,285947,female,Simone,0.77,f,,w
207,571165,female,Stephanie,1,f,,o
208,335370,female,Samantha,1,f,,w
209,2087284,male,Michael,1,m,,w
210,150869,female,Joy,0.98,f,,w
211,164599,female,Jill,1,f,,w
212,127,male,Ørjan,1,m,,w
213,285947,female,Simone,0.77,f,,w
214,2687884,female,Maria,1,f,,o
215,388188,male,Simon,1,m,,o
216,480005,female,Amy,1,f,m or f,na
217,0,,Tebre'Osha,0,f,,o
218,1537,female,Yoshie,0.99,f,,o
219,745496,female,Michelle,1,f,,w
220,10523,male,Remi,0.94,f,,o
222,1957,female,Primrose,0.99,f,,w
223,338173,female,Christina,1,f,,na
224,782,female,Vinisha,1,f,,o
226,88392,female,Priya,1,f,,o
227,315,male,Jourdan,0.64,f,,w
228,6250,male,Tucker,1,m,,w
229,25415,female,Constanza,1,f,,w
230,4401,female,Tayla,1,f,,o
231,2687884,female,Maria,1,f,,w
232,123287,male,Stuart,1,m,,w
233,1217635,female,Laura,1,f,,w
234,481613,female,Anne,1,f,,o
235,36472,female,Melina,0.99,f,,w
236,1888,female,Kumi,0.93,f,,o
237,297156,female,Olga,0.99,f,,w
238,81726,male,Daniele,0.95,f,,o
239,626349,female,Marie,0.99,f,m or f,na
240,22402,female,Stacie,1,f,,o
241,2906,male,Joss,0.81,m,,w
242,148071,female,Camille,0.97,f,,w
243,674,male,Léo,0.99,m,,w
244,12519,female,Nicky,0.57,f,,w
245,298667,female,Rita,1,f,,o
246,14309,female,Blandine,0.99,f,,w
247,128,female,Mehana,0.64,f,,o
248,17960,female,Lynn,0.94,f,,w
249,274858,male,Stefan,1,m,,w
250,8511,male,Jin,0.71,m,,o
251,17907,male,Zac,1,m,,w
252,264756,female,Claire,1,f,,o
253,200,female,Mieka,0.99,f,,w
254,524253,male,Ryan,1,f,,o
255,50411,female,KAtja,0.99,f,,w
256,635168,male,Joseph,1,m,,w
257,17004,male,Mads,1,m,,w
258,1725175,male,Daniel,1,m,,w
259,7383,female,Taylor,0.55,f,,w
260,142,female,Cajsa,0.99,f,,w
261,260131,male,Brandon,1,m,,w
262,0,,Sealah,0,f,,w
263,448793,female,Julia,0.99,f,,w
264,1084,female,Kelcie,1,f,,w
265,932165,male,Kevin,1,m,,o
266,1200479,male,Paul,1,m,,o
267,298667,female,Rita,1,f,,w
268,6729,female,Su,0.79,f,,o
269,267915,female,Katie,1,f,,w
270,14152,female,Shannon,0.9,f,,w
271,217685,female,Hannah,1,f,,w
272,528,female,Caprice,0.8,f,,w
273,397098,female,Sharon,1,f,,o
274,941000,female,Jennifer,1,f,,o
275,99246,male,Serge,1,m,,w
276,1149231,female,Anna,0.99,f,,w
277,2087284,male,Michael,1,m,,w
279,26202,male,Kris,0.67,f,,w
280,4632,male,Emeric,1,m,,w
281,1725175,male,Daniel,1,m,,w
282,393650,female,Carol,1,f,,w
283,94482,male,Aditya,1,m,,o
284,75847,female,Camilla,1,f,,w
285,823831,female,Lisa,1,f,,w
286,88826,female,Alessia,0.99,f,,w
287,2081,female,Shelby,0.87,f,,w
288,415663,female,Rebecca,1,f,,w
289,83799,female,Jenna,1,f,,o
290,572708,female,Susan,1,f,,o
291,239645,female,Nina,0.99,f,,w
292,377,female,Océane,1,f,,w
293,1200479,male,Paul,1,m,,na
294,4214,female,Alix,0.61,f,,w
295,414651,female,Rachel,1,f,,w
296,400,female,Mizuki,0.74,f,,o
297,414651,female,Rachel,1,f,,w
298,530240,female,Melissa,1,f,,w
299,72458,female,Amelia,1,f,,w
300,2746,female,Yukari,1,f,,o
301,24582,male,Olaf,1,m,,w
302,3499,female,Helle,0.96,f,,w
303,7268,female,Aisling,1,f,,w
304,22,female,Sigrún,1,f,m or f,na
305,194930,male,Randy,1,m,,w
306,542554,male,George,1,m,,o
307,419717,female,Alexandra,0.99,f,,w
308,7127,female,Hetal,1,f,,o
309,2687884,female,Maria,1,f,m or f,na
310,227640,female,Natalie,1,f,m or f,na
311,2274744,male,John,1,m,,w
312,51837,male,Lee,0.83,m,,w
313,9470,female,Gail,0.97,f,,w
314,87934,male,Evan,1,m,,w
315,52190,female,Kristy,1,f,m or f,na
316,13,male,Jiayue,0.54,f,,o
317,37255,male,Jesper,1,m,,w
318,50151,male,Wojciech,1,m,,o
319,621222,female,Julie,1,f,,w
320,2087284,male,Michael,1,m,,w
321,389780,female,Ashley,0.99,f,,w
322,104370,female,Sophia,1,f,,o
323,321885,male,Vincent,1,m,,w
324,159576,male,Oliver,1,m,,w
325,249969,male,Jon,1,m,,w
326,5018,male,Jp,0.96,m,,w
327,42551,female,Eleanor,1,f,m or f,na
328,156645,female,Pam,1,f,,o
329,479100,female,Monica,1,f,,o
330,16736,male,Beau,0.97,m,m or f,na
331,164599,female,Jill,1,f,,o
332,119,male,Kyson,0.97,m,,o
333,119,male,Kyson,0.97,m,,o
334,1149231,female,Anna,0.99,f,,w
335,4807,female,Capucine,0.99,f,,w
336,2687884,female,Maria,1,f,,w
337,57527,female,Pia,0.99,f,,w
338,174640,female,Toni,0.65,f,,o
339,4,male,Wigle,1,m,,w
340,156353,male,Jan,0.91,m,,w
341,1152,male,Nadal,0.95,m,,w
342,246624,female,Kate,1,f,,w
343,932165,male,Kevin,1,m,,o
344,12289,male,Oli,0.86,f,,w
345,12552,female,Jen,0.83,m,,na
346,98134,male,Arnaud,0.99,m,,w
347,171436,female,Judith,1,f,,w
348,26295,female,Louisa,1,f,,w
349,169,female,Myhanh,1,f,,o
350,823831,female,Lisa,1,f,,w
351,17028,female,Kirti,0.99,m,,o
352,567158,male,Christopher,1,m,,w
353,158542,male,Roman,0.99,m,,w
354,35,female,Ashante,0.86,f,,o
355,1497,female,Manami,0.99,f,,o
356,102968,female,Leah,1,f,,o
357,14962,male,Jarrod,1,m,,o
358,560984,male,Tony,1,m,m or f,na
359,74520,female,Rachael,1,f,,w
360,6522,male,Nickolas,1,m,,w
361,621222,female,Julie,1,f,,w
362,80,female,Jasenka,1,f,,o
363,225977,female,Judy,1,f,,w
364,614,male,Hideaki,1,m,,o
365,13375,male,Ciprian,1,m,,w
366,73725,male,Axel,0.99,m,,w
367,28851,female,Harriet,1,f,,w
368,130823,female,Angelica,1,f,,w
369,56791,female,Abby,0.99,f,,w
370,2087284,male,Michael,1,m,,o
371,42300,male,Alexis,0.82,f,,o
372,15,male,Tanc,0.6,m,,w
373,7383,female,Taylor,0.55,f,,o
374,249969,male,Jon,1,m,,w
375,270520,male,Jeremy,1,m,,o
376,22538,male,Winston,1,m,,o
377,5,female,Alachi,0.8,m,,o
378,157404,male,Luke,1,m,,w
379,1836,male,Kendall,0.55,m,,o
380,62728,male,Ethan,1,m,,w
381,2653329,male,David,1,m,,w
382,2,female,Piibe,0.5,f,,w
383,45046,male,Gareth,1,m,,w
384,204632,female,Elaine,1,f,,w
385,17399,male,Dillon,1,m,,w
386,941000,female,Jennifer,1,f,,w
387,249704,female,Megan,1,f,,na
388,381904,female,Emily,1,f,,w
389,167928,female,Alison,1,f,,o
390,488945,male,Steven,1,m,,o
391,195914,male,Douglas,1,m,,w
392,8442,male,Loris,0.96,m,,w
393,809021,female,Patricia,1,f,m or f,na
394,331601,male,Ali,0.94,m,,o
395,9413,female,María,1,f,,w
396,1028,female,Cinta,0.97,f,,w
397,157404,male,Luke,1,m,,w
398,34234,female,Poonam,1,f,,o
399,2801,female,Hillary,0.79,f,m or f,na
400,2299,female,Cait,1,f,,na
401,524253,male,Ryan,1,m,,w
402,267082,male,Andre,0.99,m,,o
403,46890,female,Brandy,0.99,f,,w
404,17,female,Twanika,1,f,,o
405,790431,female,Sara,0.99,f,,w
406,790431,female,Sara,0.99,f,,w
407,308629,female,Danielle,1,f,,w
408,64313,male,Humberto,1,m,,w
409,31177,male,Jakob,1,m,,w
410,14665,male,Zane,0.95,m,,w
411,90487,female,Lily,1,f,,o
412,2318,male,Wiley,1,m,,o
413,157404,male,Luke,1,m,,w
414,306685,male,Ian,1,m,,w
415,157404,male,Luke,1,m,,w
416,159232,male,Arthur,1,m,,o
417,782340,male,Eric,1,m,,w
418,10679,male,Yuri,0.75,m,,o
419,298272,female,Lauren,1,f,,w
420,191561,male,Luca,0.96,m,,w
421,2274744,male,John,1,m,,w
422,653571,male,Jason,1,m,,w
423,14247,male,Ariel,0.71,m,,w
424,1750,female,Kait,0.98,f,,w
425,447613,male,Sam,0.96,m,,w
426,0,,Neshade,0,m,,w
427,766466,male,Andrew,1,m,,o
428,384414,female,Catherine,1,f,,w
429,17447,female,Sushma,1,f,,w
430,17447,female,Sushma,1,f,,w
431,167928,female,Alison,1,f,,o
432,234276,male,Jeffrey,1,m,,w
433,62441,female,Kelly,0.89,f,,w
434,146017,female,Natasha,1,f,,o
435,26137,female,Jazmin,1,f,,w
436,257659,male,Craig,1,m,,w
437,985681,female,Sarah,1,f,,w
438,54,female,Moani,0.98,f,,o
439,381904,female,Emily,1,f,,o
440,4995,male,Yong,0.88,m,,o
441,1327990,male,Robert,1,m,,w
442,95962,female,Christelle,0.99,f,,w
443,81436,female,Delphine,0.99,f,,w
444,345494,male,Greg,1,m,,w
445,757890,male,Steve,1,m,,w
446,10168,male,Wilbert,1,m,,o
447,585355,female,Nicole,1,f,,w
448,1190,female,Dorthy,1,f,,o
449,79714,female,Jeanette,1,f,,o
450,0,,Zylina,0,f,,o
451,147782,male,Markus,1,m,,w
452,251174,female,Alicia,1,f,,w
453,33644,female,Rebekah,1,f,,o
454,100354,female,Mona,0.99,f,,w
455,341564,female,Victoria,1,f,,na
456,1327990,male,Robert,1,m,m or f,na
457,757890,male,Steve,1,m,,w
458,4,male,Xuewu,1,m,,o
459,171014,female,Jo,0.85,f,,w
460,177445,male,Tyler,1,m,,o
461,138486,female,Tanya,1,f,,o
462,13403,male,Vamsi,1,m,m or f,na
463,1,male,Mohnned,1,m,,o
464,171729,female,Karla,1,f,,o
465,588821,female,Elizabeth,1,f,,w
466,932165,male,Kevin,1,m,,o
467,230373,male,Bryan,1,m,,o
468,592425,male,Jonathan,1,m,,o
469,985681,female,Sarah,1,f,,w
470,4366,female,Keshia,1,f,,o
471,96745,male,Kenny,0.99,f,,o
472,14962,male,Jarrod,1,m,,w
473,107725,female,Carrie,1,f,,w
474,12256,female,Swapna,1,f,,o
475,12552,female,Jen,0.83,m,,o
476,67,female,Stinne,0.93,m,,w
477,218384,male,Andres,1,f,,o
478,30355,female,Karima,0.99,f,,o
479,30355,female,Karima,0.99,f,,o
480,8339,male,Blake,0.98,f,,w
481,1542,female,Gabby,0.61,f,,o
482,10328,female,Stela,1,f,,o
483,1725175,male,Daniel,1,m,,o
484,35111,female,Kellie,1,f,m or f,na
485,122727,female,Kristen,1,f,,w
486,59753,female,Patti,1,f,,w
487,1811,female,Aubree,1,f,,w
488,16298,male,Bret,1,m,,w
489,18372,male,Morgan,0.79,f,,w
490,234276,male,Jeffrey,1,m,,w
491,485463,male,Tim,1,m,,w
492,52542,male,Malcolm,1,m,,w
493,79,male,Jeonghwan,0.99,m,,o
494,1200479,male,Paul,1,m,,na
495,109038,female,Celine,0.99,f,,w
496,907046,female,Jessica,1,f,,w
497,37687,male,Rene,0.9,m,,o
498,1058881,female,Andrea,0.82,m,,w
499,5859,male,Donal,1,m,,w
500,542554,male,George,1,m,,o
501,705768,male,Patrick,1,m,,w
502,1803,male,Dallas,0.88,m,,w
503,1803,male,Dallas,0.88,m,,w
504,341564,female,Victoria,1,f,,w
505,13,male,Yuehan,0.92,f,,o
506,0,,Beveon,0,m,,o
507,156089,female,Clara,0.99,f,,o
508,10640,male,Tristan,0.99,m,,o
509,19140,male,Kai,0.93,m,,o
510,328137,female,Kathy,1,f,,o
511,240,male,Eui,0.62,m,,o
512,208618,female,Karina,1,f,,w
513,249704,female,Megan,1,f,,w
514,134796,male,Florian,1,m,,o
515,38,female,Enikő,1,f,,w
516,381904,female,Emily,1,f,,w
517,626,female,Bec,0.83,f,,w
518,227671,male,Nathan,1,m,,w
519,386018,female,Caroline,1,f,,w
520,782340,male,Eric,1,m,,w
521,83613,female,Gemma,1,f,,o
522,0,,英一(Eiichi),0,m,,o
523,164599,female,Jill,1,f,,w
524,61694,male,Stephane,0.98,m,,w
525,412672,male,Marc,1,m,,w
526,94656,female,Mercedes,0.99,f,,o
527,78894,female,Nelly,0.98,f,,o
528,7,female,Lakyn,1,f,,w
529,123287,male,Stuart,1,m,,w
530,316268,male,Alessandro,1,m,,w
531,42444,female,Katrin,0.99,f,,w
532,782340,male,Eric,1,m,,w
533,932165,male,Kevin,1,m,,na
534,985681,female,Sarah,1,f,,w
535,181709,female,Gina,1,f,,o
536,257659,male,Craig,1,m,,w
537,389780,female,Ashley,0.99,f,,w
538,1591,male,Puneet,0.89,m,,o
539,932165,male,Kevin,1,m,,w
540,21919,female,Ciara,1,f,,w
541,823831,female,Lisa,1,f,,w
542,227640,female,Natalie,1,f,,w
543,447613,male,Sam,0.96,m,,w
544,115209,female,Lydia,1,f,,o
545,256938,male,Chris,0.92,m,,w
546,531783,male,Frank,1,m,,w
547,567158,male,Christopher,1,m,,w
548,794,female,Pebbles,0.98,f,,o
549,308629,female,Danielle,1,f,,w
550,17585,male,Gabe,1,m,,na
551,298272,female,Lauren,1,f,,o
552,107058,male,Austin,1,m,,w
553,27565,female,Gretchen,1,f,,w
554,698532,male,Tom,1,m,,o
555,29335,female,Jeannie,1,f,,w
556,567158,male,Christopher,1,m,,w
557,1327990,male,Robert,1,m,,w
558,64570,male,Thierry,0.99,m,,w
559,59136,female,Kari,0.95,f,m or f,na
560,823831,female,Lisa,1,f,,w
561,168649,female,Tammy,1,f,,w
562,389780,female,Ashley,0.99,f,,o
563,419717,female,Alexandra,0.99,f,,w
564,167418,male,Davide,1,m,,w
565,74012,male,Dustin,1,m,,o
566,45291,male,Jordan,0.93,m,,w
567,3042,male,Zen,0.74,f,,o
568,183203,female,Sheila,1,f,,w
570,488945,male,Steven,1,m,,w
571,2274744,male,John,1,m,,w
572,2939,female,Kelley,0.92,f,,w
573,169888,male,Julian,1,m,,w
574,24168,male,Miles,0.99,m,,w
575,14738,female,Julianne,1,f,,w
576,18457,female,Penelope,0.99,f,,w
577,572708,female,Susan,1,f,,w
578,487939,male,Charles,1,m,,w
579,564,female,Maeghan,1,f,,w
580,16414,male,Basil,1,m,,w
581,199502,male,Bruce,1,m,,o
582,728095,male,William,1,m,,w
583,823831,female,Lisa,1,f,,w
584,89376,female,Beatrice,1,f,,w
585,45990,female,Trish,1,f,,w
586,46326,female,Steph,0.7,f,,w
587,571165,female,Stephanie,1,f,,o
588,735,male,Marc-Antoine,1,m,,w
589,941000,female,Jennifer,1,f,,w
590,278293,female,Erika,1,f,,w
591,1200479,male,Paul,1,m,,o
592,2653329,male,David,1,m,,w
593,623359,female,Angela,1,f,,o
594,408,male,Rémi,0.91,m,,w
595,224052,male,Stefano,1,m,,w
596,745496,female,Michelle,1,f,,w
597,202265,male,Ruben,1,m,,w
598,1,male,C.J.,1,m,,o
599,246624,female,Kate,1,f,,w
600,588821,female,Elizabeth,1,f,,o
601,264756,female,Claire,1,f,,w
602,370737,male,Nicolas,1,m,,w
603,4761,male,Spencer,0.98,m,,w
604,5786,male,Fawad,1,m,,o
605,2653329,male,David,1,m,,o
606,12289,male,Oli,0.86,m,,w
607,1725175,male,Daniel,1,m,,w
608,59738,female,Ilaria,1,f,,w
609,13710,female,Lindsay,0.94,f,,w
610,15550,male,Lincoln,1,m,,w
611,164599,female,Jill,1,f,,w
612,277909,male,Max,0.99,m,,w
614,585620,male,Joe,0.99,m,,w
615,8342,male,Taras,1,m,,w
616,257796,male,Nicholas,1,m,,w
617,53,male,Vijit,0.92,m,,o
618,56054,female,Tia,0.98,f,,o
619,5480,female,Chanelle,1,f,,o
620,623359,female,Angela,1,f,,w
621,415663,female,Rebecca,1,f,,w
622,40540,female,Kendra,1,f,,o
623,2687884,female,Maria,1,f,,o
624,510977,male,Sergio,1,m,,o
625,1725175,male,Daniel,1,m,,w
626,234276,male,Jeffrey,1,m,,o
627,47475,female,Sana,0.97,f,,w
628,766466,male,Andrew,1,m,,w
629,110020,male,Brett,1,m,,w
630,12662,female,LeAnn,1,f,,w
631,17081,male,Bryant,1,m,,w
632,495192,female,Vanessa,1,f,,w
633,196410,female,Lori,1,f,,w
634,96745,female,Colleen,1,f,,w
635,120359,female,Kathryn,1,f,,o
636,60988,female,Jocelyn,0.97,f,,w
637,216773,female,Margaret,1,f,,w
638,941000,female,Jennifer,1,f,,w
639,809021,female,Patricia,1,f,,w
640,567158,male,Christopher,1,m,,w
642,481613,female,Anne,1,f,,w
643,222,male,Hadley,0.51,f,,w
644,415663,female,Rebecca,1,f,,o
645,260131,male,Brandon,1,m,,w
646,485463,male,Tim,1,m,,w
647,8238,male,Heber,1,m,,o
648,472543,male,Bob,1,f,,w
649,83361,female,Kim,0.7,f,,w
650,28851,female,Harriet,1,f,,w
651,2008,female,Mackenzie,0.83,f,,w
652,782340,male,Eric,1,m,,o
654,480005,female,Amy,1,f,m or f,na
655,267082,male,Andre,0.99,m,,w
656,571663,male,Matthew,1,m,,w
657,754202,female,Linda,1,f,,w
658,1178307,male,Mark,1,m,,w
659,535,female,Naly,0.89,f,,o
660,606914,female,Amanda,1,f,,w
661,545658,male,Scott,1,m,,w
662,298272,female,Lauren,1,f,,w
663,75847,female,Camilla,1,f,,w
664,75847,female,Camilla,1,f,,w
665,5548,female,Leigh,0.71,m,,w
666,416039,male,Ben,0.99,m,m or f,na
667,6,female,Rocheline,1,f,,o
668,585981,female,Barbara,1,f,,w
669,0,,재희(Gabi),0,f,,o
670,3415,male,Paddy,0.95,m,,w
671,67,male,Devrin,0.97,f,,w
672,2921,male,Avi,0.91,m,,o
673,571663,male,Matthew,1,m,,w
674,738053,male,Brian,1,m,,w
675,34456,female,Dayana,1,f,,w
676,193534,female,Sofia,0.99,f,,na
677,765351,female,Karen,1,f,,w
678,765351,female,Karen,1,f,,w
679,18044,female,Jackie,0.84,f,,w
680,621222,female,Julie,1,f,,w
681,357989,male,Andy,0.98,m,,w
682,344546,female,Emma,0.99,f,,w
683,90601,female,Chelsea,1,f,,o
684,5227,male,Kiran,0.69,f,,o
686,75926,female,Bella,0.99,f,,w
687,250535,female,Francesca,1,f,,w
688,585355,female,Nicole,1,f,,o
689,6669,male,Sacha,0.66,f,,w
690,173072,female,Roberta,1,f,,o
691,198,female,Savitha,0.92,f,,o
692,333000,male,Fabio,1,m,,w
693,2362,male,Elliott,0.98,m,,w
694,8855,female,Stacy,0.94,f,,w
695,183119,male,Marcus,1,m,,o
696,204632,female,Elaine,1,f,,w
697,571663,male,Matthew,1,m,,w
699,1217635,female,Laura,1,f,,w
700,823831,female,Lisa,1,f,,w
701,16530,female,Lou,0.65,f,,w
702,298272,female,Lauren,1,f,,na
703,7260,female,Sanaz,1,f,,o
704,3408,female,Sydney,0.63,f,,w
705,59416,male,Viktor,1,m,,o
707,159246,female,Carolyn,1,f,,w
708,123268,female,Alina,0.99,f,,w
709,120445,female,Lara,0.99,f,,w
710,28279,male,Harrison,1,m,,w
711,43,female,Caylin,0.91,f,,w
712,588821,female,Elizabeth,1,f,,w
713,118838,female,Mara,0.98,f,m or f,na
714,1011867,female,Mary,1,f,,w
715,171014,female,Jo,0.85,f,,na
716,967094,male,Thomas,1,m,,na
717,96268,male,Wesley,1,f,,w
718,588821,female,Elizabeth,1,f,,w
719,109792,female,Susanne,0.99,f,,o
720,416039,male,Ben,0.99,m,,w
721,84809,female,Beverly,1,f,,o
722,1217635,female,Laura,1,f,,o
723,1248,male,Mergim,0.99,m,,w
724,1204083,male,James,1,m,,w
725,14152,female,Shannon,0.9,f,,w
726,83933,female,Chloe,1,f,,w
727,16676,male,Shawn,0.98,m,,w
728,6309,female,Keely,1,f,,w
729,118126,female,Peggy,1,f,,w
730,5250,male,Hristo,1,m,,o
731,766466,male,Andrew,1,m,,w
732,44654,female,Sherri,1,f,,w
733,217685,female,Hannah,1,f,,w
734,74438,female,Penny,0.99,f,,w
735,42300,male,Alexis,0.82,f,,w
736,7268,female,Aisling,1,f,,w
737,202747,male,Hans,0.99,m,,w
738,202063,male,Timothy,1,m,,w
739,62276,female,Georgina,1,f,,w
740,985681,female,Sarah,1,f,,w
741,395,female,Darby,0.62,m,,w
742,27565,female,Gretchen,1,f,,w
743,381904,female,Emily,1,f,,o
744,64852,female,Felicia,1,f,,o
745,1178307,male,Mark,1,m,,w
746,653571,male,Jason,1,m,,w
747,1,female,Jeanily,1,f,,o
748,7383,female,Taylor,0.55,f,,w
749,19484,female,Marieke,1,f,,w
750,480005,female,Amy,1,f,,w
751,16341,female,Urszula,0.99,f,,w
752,2653329,male,David,1,m,,w
753,336427,male,Benjamin,1,m,,w
754,907046,female,Jessica,1,f,,w
755,495676,female,Nancy,1,f,,w
756,2010,female,Laurel,0.89,f,,w
757,269,female,Anna-Louise,1,f,,w
758,83361,female,Kim,0.7,f,,w
759,414651,female,Rachel,1,f,,w
760,83361,female,Kim,0.7,f,,o
761,292748,male,Aaron,1,m,,w
762,344546,female,Emma,0.99,f,,o
763,6653,female,Kelsey,0.96,f,,w
764,471868,male,Stephen,1,m,,w
765,2087284,male,Michael,1,m,,w
766,6882,female,Maree,0.99,f,,w
767,414651,female,Rachel,1,f,,w
768,1058881,female,Andrea,0.82,m,,na
769,1178307,male,Mark,1,m,,w
770,84457,male,Maurice,1,m,,w
771,6754,female,Clare,0.97,f,,w
772,1924,male,Ellis,0.6,m,,w
773,225258,male,Kyle,1,m,,w
774,54330,female,Andreea,0.99,f,,w
775,157404,male,Luke,1,m,,w
776,345494,male,Greg,1,m,,w
777,488945,male,Steven,1,m,,w
778,745496,female,Michelle,1,f,,w
779,738053,male,Brian,1,m,,o
780,156089,female,Clara,0.99,f,,w
781,168649,female,Tammy,1,f,,w
782,472543,male,Bob,1,m,,w
783,227640,female,Natalie,1,f,,w
784,194622,female,Erin,1,f,,w
785,561948,male,Jim,1,m,,w
786,10696,female,Nayeli,1,f,,o
787,13199,male,Dale,0.96,f,,w
788,592425,male,Jonathan,1,m,,o
789,75847,female,Camilla,1,f,,w
790,221373,female,Cheryl,1,f,,w
791,1725175,male,Daniel,1,m,,w
793,83361,female,Kim,0.7,f,,w
794,98631,female,Vicki,1,f,,w
795,32580,male,Karol,0.85,f,,o
796,12290,female,Niamh,1,f,,o
797,123443,female,Kristin,1,f,,w
798,46326,female,Steph,0.7,f,,w
799,621222,female,Julie,1,f,m or f,na
800,277909,male,Max,0.99,m,,w
801,745496,female,Michelle,1,f,,w
802,823831,female,Lisa,1,m,,w
803,823831,female,Lisa,1,f,,w
804,530240,female,Melissa,1,f,,w
805,229602,male,Cesar,1,m,,o
806,5054,male,Bosco,0.99,f,,o
807,159576,male,Oliver,1,m,,w
808,57180,female,Paige,1,f,,w
809,171014,female,Jo,0.85,f,,w
810,68904,male,Lionel,1,m,,w
811,545658,male,Scott,1,m,,w
812,23342,female,Nan,0.94,f,,w
813,35,female,Myan,0.83,f,,o
814,19173,female,Kiki,0.59,f,,w
815,153946,female,Brittany,1,f,,w
816,907046,female,Jessica,1,f,,w
817,13,female,Heyi,0.69,f,,o
818,26984,female,Manon,0.97,f,,w
819,3892,female,Soleil,0.77,f,,w
820,38,male,Raeshon,1,m,,o
821,24905,male,Rosario,0.68,f,,w
823,790431,female,Sara,0.99,f,,w
824,7380,male,Nate,0.97,m,,w
825,306685,male,Ian,1,m,,w
826,16165,female,Lauri,0.91,f,,w
827,2653329,male,David,1,m,,w
828,705768,male,Patrick,1,m,,w
829,217685,female,Hannah,1,f,,w
830,63639,female,Marjorie,1,f,,w
831,970635,male,Mike,1,m,,w
832,220899,male,Josh,1,m,,w
833,318,male,Lip,0.8,m,,w
834,55876,female,Hayley,1,f,,w
835,1740,male,Rhys,0.99,m,,w
836,82586,male,Boris,1,m,,w
837,444100,male,Dave,1,m,,w
838,278831,female,Deborah,1,f,,w
839,216773,female,Margaret,1,f,,w
840,2087284,male,Michael,1,m,,w
841,2087284,male,Michael,1,m,,w
842,470814,male,Javier,1,m,,o
843,571165,female,Stephanie,1,f,,o
844,53299,male,Herbert,1,m,,o
845,39840,male,Garrett,1,m,,w
846,571165,female,Stephanie,1,f,,o
847,183119,male,Marcus,1,m,,o
848,26642,male,Abdulaziz,1,m,,o
849,698532,male,Tom,1,m,,w
850,790431,female,Sara,0.99,f,,w
851,28851,female,Harriet,1,f,,w
852,21860,male,Rasmus,1,m,,w
853,165306,female,Virginia,1,f,,w
854,621222,female,Julie,1,f,,w
855,196410,female,Lori,1,f,,w
856,26585,male,Marshall,1,m,,w
857,451077,female,Marta,0.99,f,,w
858,47,female,Jessamyn,0.98,f,,w
859,416039,male,Ben,0.99,m,,w
860,1217635,female,Laura,1,f,,w
861,554061,male,Adam,1,m,,w
862,5691,female,Karly,0.99,f,,w
863,124325,female,Lena,0.99,f,,w
864,3009,female,Michiko,1,f,,o
865,298272,female,Lauren,1,f,,o
866,11,female,Klaine,0.64,f,,w
867,208618,female,Karina,1,f,,o
868,249969,male,Jon,1,m,,na
869,9396,female,Lindsey,0.97,f,,w
870,57944,male,Pasquale,1,m,,w
871,465498,male,Dan,0.99,m,,w
872,316,male,Ryann,0.69,f,,w
873,316,male,Ryann,0.69,f,,w
875,2008,female,Mackenzie,0.83,f,,w
876,1149231,female,Anna,0.99,f,,w
877,268,female,Sien,0.84,f,,w
878,571165,female,Stephanie,1,f,,o
879,602,male,Cap,0.85,m,,o
880,419717,female,Alexandra,0.99,f,,na
881,606914,female,Amanda,1,f,,w
882,0,,Sumandhi,0,f,,w
883,26974,female,Kathrin,0.99,f,,w
884,77793,male,Grant,1,m,,w
885,217685,female,Hannah,1,f,,o
886,177445,male,Tyler,1,m,,w
887,588821,female,Elizabeth,1,f,,w
888,50736,female,JoAnn,1,f,m or f,na
889,251882,female,Janet,1,f,,w
890,346760,female,Michele,0.78,f,,w
891,35081,male,Chase,1,m,,w
892,1695291,male,Jose,0.99,m,,o
893,6653,female,Kelsey,0.96,f,,w
894,256938,male,Chris,0.92,m,,o
895,31083,female,Kitty,0.99,f,,w
896,331601,male,Ali,0.94,m,,o
897,103304,male,Pete,1,m,,w
898,43016,female,Adeline,0.99,f,,w
899,139480,female,Irina,0.99,f,,na
900,1094417,male,Peter,1,m,,w
901,412672,male,Marc,1,m,,w
902,2035,male,Harri,0.98,m,,w
903,3275,male,Diyar,0.93,m,,o
904,122727,female,Kristen,1,f,,w
905,985681,female,Sarah,1,f,,w
906,592425,male,Jonathan,1,m,,w
907,54377,female,Meghan,1,f,,w
908,42300,male,Alexis,0.82,m,,na
909,1505,male,Shay,0.59,m,,o
910,12152,female,Peg,0.99,f,,w
911,141641,female,Karolina,0.99,f,,w
912,386313,female,Cindy,1,f,,w
913,76,female,Madhvi,0.97,f,,o
914,166749,female,Sylvie,0.99,f,,o
915,653571,male,Jason,1,m,,o
916,571165,female,Stephanie,1,f,,w
917,152,female,Linnéa,1,f,,o
918,292748,male,Aaron,1,m,,na
919,745496,female,Michelle,1,f,,w
920,463559,female,Daniela,1,f,,w
921,34366,female,Meg,0.99,f,,w
922,194622,female,Erin,1,f,,w
923,1725175,male,Daniel,1,m,,w
924,35018,female,Anne-Marie,1,f,,w
925,96745,female,Colleen,1,f,,o
926,172976,female,Pauline,0.99,f,,o
927,62212,female,Marissa,1,f,,na
928,184,male,Payton,0.53,m,,w
929,157404,male,Luke,1,m,,w
930,215934,male,Erik,1,m,,w
931,93665,male,Tobias,1,m,,w
932,55282,female,Mathilde,0.99,f,,w
933,292748,male,Aaron,1,m,,w
934,20291,female,Ashlee,1,f,,w
935,907046,female,Jessica,1,f,,w
936,7937,male,Maxi,0.81,m,,w
937,28107,female,Jocelyne,0.99,f,,w
938,2141,male,Levin,0.99,m,,w
939,52,male,Nissar,0.96,m,,o
940,7040,male,Willis,1,m,,o
941,6359,male,Mani,0.86,f,,w
943,416039,male,Ben,0.99,m,,w
944,1204083,male,James,1,m,,w
945,10018,female,Gisella,1,f,,o
946,256938,male,Chris,0.92,m,,w
947,445,male,Kendric,1,m,,o
948,103817,male,Graham,1,m,m or f,na
949,128,male,Remington,0.98,m,,o
950,7868,male,Ameen,0.99,m,,o
951,292748,male,Aaron,1,m,,o
952,260131,male,Brandon,1,m,,w
953,304069,male,Sean,1,m,,w
954,1027,male,Nix,0.61,f,,w
955,92484,male,Sylvain,1,m,,w
956,97618,male,Ted,1,m,,w
957,121542,female,Norma,1,m,,w
958,8855,female,Stacy,0.94,f,,w
959,0,,-SüKii..!,0,m,,o
960,9,male,Padhu,1,m,,o
961,52190,female,Kristy,1,m,,o
962,179546,female,Lucy,1,f,,w
963,587962,male,Victor,1,m,,o
964,319717,female,Tina,1,f,,o
965,93926,female,Alba,0.99,f,,w
966,183119,male,Marcus,1,m,,w
967,11862,male,Reid,1,f,,w
968,225977,female,Judy,1,f,,o
969,145334,female,Sylvia,1,f,,w
970,35847,male,Jamie,0.63,f,,o
971,85613,male,Freddy,1,m,,o
972,22702,male,Nic,0.92,f,,w
973,246624,female,Kate,1,f,,w
974,135069,male,Jake,1,m,,w
975,782340,male,Eric,1,m,,o
976,270520,male,Jeremy,1,m,,o
977,237562,male,Jacob,1,m,,w
978,306685,male,Ian,1,m,,w
979,249704,female,Megan,1,f,,w
980,421331,male,Alberto,1,m,,o
981,444100,male,Dave,1,m,,w
982,308,female,Yanil,0.97,f,,o
983,2293,female,Chloé,1,f,,w
984,5227,male,Kiran,0.69,m,,o
985,345494,male,Greg,1,m,,w
986,571165,female,Stephanie,1,f,,w
987,12535,female,Rubi,0.97,f,,o
988,37687,male,Cliff,1,m,,w
989,3646,male,Marshal,0.99,m,m or f,na
990,270520,male,Jeremy,1,m,,w
991,0,,Shuanie,0,f,m or f,na
992,123431,female,Iris,0.99,f,,w
993,1671,female,Pamala,1,f,,o
994,2087284,male,Michael,1,m,,w
995,92459,male,Brent,1,m,,w
996,7768,male,Salem,0.96,m,,o
997,393650,female,Carol,1,f,,w
998,14559,female,Mikaela,1,f,,w
999,29561,male,Charlie,0.87,m,,w
1000,2653329,male,David,1,m,,w
1001,149,female,Kyunghee,0.87,f,,o
1002,2054,female,Abbe,0.76,f,,w
1003,678152,female,Jean,0.72,f,,w
1004,585355,female,Nicole,1,f,,o
1005,316711,female,Carolina,1,f,,w
1006,96790,female,Terri,1,f,,w
1007,179546,female,Lucy,1,f,,w
1008,782340,male,Eric,1,m,,na
1009,43310,male,Francis,0.94,m,,o
1010,62728,male,Ethan,1,m,,o
1011,765351,female,Karen,1,f,m or f,na
1012,153946,female,Brittany,1,f,,w
1013,47959,female,Dana,0.94,f,,w
1014,1316,female,Karisa,0.98,f,,o
1015,389780,female,Ashley,0.99,f,,o
1016,179932,female,Tiffany,1,f,,o
1017,118,female,Kaylei,1,f,,w
1018,232345,female,Joanna,0.99,f,,w
1019,3,male,Mahjoube,0.67,f,,o
1020,3,male,Mahjoube,0.67,f,,o
1021,2475,female,Zenia,0.98,f,,o
1022,495192,female,Vanessa,1,f,,w
1023,143362,female,Janice,1,f,,o
1024,0,,Yao-Lun,0,m,,o
1025,173108,female,Annie,1,f,,o
1026,147782,male,Markus,1,m,,w
1027,1217635,female,Laura,1,f,,o
1028,2653329,male,David,1,m,,w
1029,12752,male,Bora,0.91,f,,o
1030,554061,male,Adam,1,m,,w
1031,728095,male,William,1,m,,w
1032,592425,male,Jonathan,1,m,,w
1033,70931,female,Miranda,0.99,f,,w
1034,31377,female,Jenn,1,f,,o
1035,23209,female,Hui,0.96,f,,o
1036,495192,female,Vanessa,1,f,,w
1037,414651,female,Rachel,1,f,,w
1038,480005,female,Amy,1,f,,w
1039,572708,female,Susan,1,f,,w
1040,745496,female,Michelle,1,f,,w
1041,16754,male,Joey,0.87,m,,o
1042,17947,female,Millie,1,f,,w
1043,18914,male,Donny,0.99,m,,w
1044,83533,male,Eugene,0.99,m,,o
